Height (in cms),Weight (in kgs),T Shirt Size,distance,,
160,60,M,1.414213562,,
163,61,M,2,,
160,59,M,2.236067977,,k=3
163,60,M,2.236067977,,
160,64,L,3.16227766,,
158,59,M,3.605551275,,
158,63,M,3.605551275,,
163,64,L,3.605551275,,
165,61,L,4,,
165,62,L,4.123105626,,
158,58,M,4.242640687,,
165,65,L,5.656854249,,
168,62,L,7.071067812,,
168,63,L,7.280109889,,
